row_order,requested_concept_code,target_concept_code,concept_code,standard_concept_name,n_code_target,n_code_no_target,n_target_no_code,n_no_code_no_target,n_target_before_code,n_code_before_target,odds_ratio,log_odds_ratio,total_with_code
14671,target_pcr_positive,target_pcr_positive,30141-covid_tst_symptoms-4,"Symptoms experienced prior to getting tested, selected; Chest pain",9,2,43,472,43,2,41.275862068965516,3.720277875571499,11
42409,target_pcr_positive,target_pcr_positive,31386-covid_results-1,"Participant indicates that the results they received as part of their at-home COVID test, included: Positive",19,11,19,430,19,11,37.43478260869565,3.622600288498581,30
11381,target_pcr_positive,target_pcr_positive,30141-covid_tst_symptoms-15,"Symptoms experienced prior to getting tested, selected; Loss of taste",11,3,41,471,41,3,37.33046471600689,3.619809741710696,14
12791,target_pcr_positive,target_pcr_positive,30141-covid_tst_symptoms-23,"Symptoms experienced prior to getting tested, selected; Shortness of breath",13,4,39,470,39,4,35.734177215189874,3.5761075757864678,17
13966,target_pcr_positive,target_pcr_positive,30141-covid_tst_symptoms-3,"Symptoms experienced prior to getting tested, selected; Change in or loss of appetite",17,6,35,468,35,6,35.53087757313109,3.570402109224984,23
27126,target_pcr_positive,target_pcr_positive,30158-Symtpom_Neuro-7,"In the last 14 days,  the participant experienced the following neurological symptoms; Loss of smell",24,11,28,463,28,11,34.64759725400457,3.545228379912782,35
27361,target_pcr_positive,target_pcr_positive,30158-Symtpom_Neuro-8,"In the last 14 days,  the participant experienced the following neurological symptoms; Loss of taste",20,8,32,466,32,8,34.618099547511314,3.5443766535997985,28
70983,target_pcr_positive,target_pcr_positive,target_athome_positive,At-Home COVID Test Positive (Pink Line),23,11,27,449,27,11,33.40158102766799,3.5086032350200584,34
15846,target_pcr_positive,target_pcr_positive,30141-covid_tst_symptoms-9,"Symptoms experienced prior to getting tested, selected; Excessive sweating",14,5,38,469,38,5,32.149940968122785,3.4704106145426823,19
15611,target_pcr_positive,target_pcr_positive,30141-covid_tst_symptoms-8,"Symptoms experienced prior to getting tested, selected; Difficulty breathing",15,6,37,468,37,6,29.79179487179487,3.394233015725721,21
56712,target_pcr_positive,target_pcr_positive,32602-Symptoms_Ill_15,(If applicable) The participant indicates this was a first symptom related to: Loss of taste,9,3,43,471,43,3,29.420361247947454,3.3816869940900007,12
13731,target_pcr_positive,target_pcr_positive,30141-covid_tst_symptoms-29,"Symptoms experienced prior to getting tested, selected; Nausea or vomiting",9,3,43,471,43,3,29.420361247947454,3.3816869940900007,12
10911,target_pcr_positive,target_pcr_positive,30141-covid_tst_symptoms-13,"Symptoms experienced prior to getting tested, selected; Joint or any other unexplained pain",9,3,43,471,43,3,29.420361247947454,3.3816869940900007,12
11616,target_pcr_positive,target_pcr_positive,30141-covid_tst_symptoms-16,"Symptoms experienced prior to getting tested, selected; Loss of smell",13,5,39,469,39,5,29.174913693901036,3.3733092199472,18
42417,target_pcr_positive,target_pcr_positive,31386-covid_results-2,"Participant indicates that the results they received as part of their at-home COVID test, included: Negative",22,430,16,11,16,430,0.03642698764649984,-3.3124453601947415,452
10441,target_pcr_positive,target_pcr_positive,30141-covid_tst_symptoms-11,"Symptoms experienced prior to getting tested, selected; Fever or feverish feeling",17,8,35,466,35,8,27.054681027340514,3.297860041239226,25
11851,target_pcr_positive,target_pcr_positive,30141-covid_tst_symptoms-17,"Symptoms experienced prior to getting tested, selected; Muscle aches (not due to exercise)",20,12,32,462,32,12,23.338461538461537,3.150102709452895,32
14906,target_pcr_positive,target_pcr_positive,30141-covid_tst_symptoms-5,"Symptoms experienced prior to getting tested, selected; Chills",21,13,31,461,31,13,23.332745443856556,3.149857757800553,34
55302,target_pcr_positive,target_pcr_positive,32596-Symptoms_Ill_9,(If applicable) The participant indicates this was a first symptom related to: Excessive sweating,9,4,43,470,43,4,22.83397190293742,3.128249422761017,13
54362,target_pcr_positive,target_pcr_positive,32592-Symptoms_Ill_5,(If applicable) The participant indicates this was a first symptom related to: Chills,16,10,36,464,36,10,19.998043052837573,2.9956344214085044,26
21721,target_pcr_positive,target_pcr_positive,30153-Symptoms-6,"In the last 14 days, the participant experienced the following symptoms, selected; Chills",25,21,27,453,27,21,19.558985200845665,2.973434781913429,46
65835,target_pcr_positive,target_pcr_positive,36104-Post_vaccinefactors-4,Factors that might make participant less likely to get the vaccine selected; I do not trust the vaccine,8,6,30,435,30,6,18.672131147540984,2.927032099273871,14
26186,target_pcr_positive,target_pcr_positive,30158-Symtpom_Neuro-3,"In the last 14 days,  the participant experienced the following neurological symptoms; Loss of balance",10,6,42,468,42,6,17.807239819004526,2.879605106009992,16
56947,target_pcr_positive,target_pcr_positive,32603-Symptoms_Ill_16,(If applicable) The participant indicates this was a first symptom related to: Loss of smell,10,6,42,468,42,6,17.807239819004526,2.879605106009992,16
15141,target_pcr_positive,target_pcr_positive,30141-covid_tst_symptoms-6,"Symptoms experienced prior to getting tested, selected; Cough",31,36,21,438,21,36,17.601465434851864,2.8679821619217623,67
8561,target_pcr_positive,target_pcr_positive,30138-COVID_Why-1,"The following best describes why the participant was tested for the Coronavirus, selected; I had coronavirus symptoms (fever, cough, chills, nausea, etc…)",36,54,16,420,16,54,17.067834306366418,2.8371956574257156,90
53892,target_pcr_positive,target_pcr_positive,32590-Symptoms_Ill_3,(If applicable) The participant indicates this was a first symptom related to: Change in or loss of appetite,11,8,41,466,41,8,15.208362863217577,2.7218454649236796,19
55772,target_pcr_positive,target_pcr_positive,32598-Symptoms_Ill_11,(If applicable) The participant indicates this was a first symptom related to: Fever or feverish feeling,17,16,35,458,35,16,13.698250106700812,2.617268095238083,33
10206,target_pcr_positive,target_pcr_positive,30141-covid_tst_symptoms-10,"Symptoms experienced prior to getting tested, selected; Fatigue (more than normal)",23,27,29,447,29,27,12.96302003081664,2.5621006908467234,50
23131,target_pcr_positive,target_pcr_positive,30154-Symptoms_Resp-4,"In the last 14 days,  the participant experienced the following respiratory symptoms; Difficulty breathing",16,16,36,458,36,16,12.561643835616438,2.5306480311080737,32
56242,target_pcr_positive,target_pcr_positive,32600-Symptoms_Ill_13,(If applicable) The participant indicates this was a first symptom related to: Joint or any other unexplained pain,10,9,42,465,42,9,12.105882352941176,2.4936914793437333,19
25011,target_pcr_positive,target_pcr_positive,30156-Symptom_GI-4,"In the last 14 days,  the participant experienced the following gastrointestinal symptoms; Change in or loss of appetite",22,27,30,447,30,27,12.004470938897168,2.485279158639393,49
57182,target_pcr_positive,target_pcr_positive,32604-Symptoms_Ill_17,(If applicable) The participant indicates this was a first symptom related to: Muscle aches (not due to exercise),16,17,36,457,36,17,11.818003913894325,2.4696241241041967,33
12556,target_pcr_positive,target_pcr_positive,30141-covid_tst_symptoms-21,"Symptoms experienced prior to getting tested, selected; Runny nose",20,24,32,450,32,24,11.598430141287285,2.450869756306382,44
20781,target_pcr_positive,target_pcr_positive,30153-Symptoms-2,"In the last 14 days, the participant experienced the following symptoms, selected; Fever or feeling feverish",26,38,26,436,26,38,11.337662337662337,2.4281301339859183,64
21016,target_pcr_positive,target_pcr_positive,30153-Symptoms-3,"In the last 14 days, the participant experienced the following symptoms, selected; Muscle aches (not due to exercise)",29,48,23,426,23,48,11.03904364992323,2.4014384111839573,77
29006,target_pcr_positive,target_pcr_positive,30160-Symptom_Inflamm-5,"In the last 14 days,  the participant experienced the following  inflammatory symptoms; Excessive sweating",15,17,37,457,37,17,10.805714285714286,2.3800750947349436,32
10676,target_pcr_positive,target_pcr_positive,30141-covid_tst_symptoms-12,"Symptoms experienced prior to getting tested, selected; Headaches",21,28,31,446,31,28,10.693121693121693,2.3696007023439787,49
45982,target_pcr_positive,target_pcr_positive,31396-join_hear-6,"Participant heard about the study, because of: Invited by Research Staff member",25,68,13,373,13,68,10.299270072992702,2.3320730260246894,93
13261,target_pcr_positive,target_pcr_positive,30141-covid_tst_symptoms-26,"Symptoms experienced prior to getting tested, selected; Stomach or abdominal pain",6,6,46,468,46,6,10.075268817204302,2.310083789085166,12
60237,target_pcr_positive,target_pcr_positive,32617-Symptoms_Ill_30,(If applicable) The participant indicates this was a first symptom related to: Wheezing,5,5,47,469,47,5,9.884210526315789,2.290938587607722,10
55067,target_pcr_positive,target_pcr_positive,32595-Symptoms_Ill_8,(If applicable) The participant indicates this was a first symptom related to: Difficulty breathing,9,10,43,464,43,10,9.66119321291735,2.268117161602272,19
15376,target_pcr_positive,target_pcr_positive,30141-covid_tst_symptoms-7,"Symptoms experienced prior to getting tested, selected; Diarrhea",11,13,41,461,41,13,9.473003123605533,2.248445976631075,24
25246,target_pcr_positive,target_pcr_positive,30156-Symptom_GI-5,"In the last 14 days,  the participant experienced the following gastrointestinal symptoms; Nausea or vomiting",18,25,34,449,34,25,9.452401250355214,2.2462688097942594,43
13026,target_pcr_positive,target_pcr_positive,30141-covid_tst_symptoms-25,"Symptoms experienced prior to getting tested, selected; Sore throat",15,20,37,454,37,20,9.16390243902439,2.215272118422007,35
20546,target_pcr_positive,target_pcr_positive,30153-Symptoms-1,"In the last 14 days, the participant experienced the following symptoms, selected; None",13,355,39,119,39,355,0.11488543502643807,-2.163819864334423,368
28301,target_pcr_positive,target_pcr_positive,30160-Symptom_Inflamm-2,"In the last 14 days,  the participant experienced the following  inflammatory symptoms; Joint or any other unexplained pain",17,25,35,449,35,25,8.689588511460922,2.1621255861953927,42
22896,target_pcr_positive,target_pcr_positive,30154-Symptoms_Resp-3,"In the last 14 days,  the participant experienced the following respiratory symptoms; Cough",36,98,16,376,16,98,8.455468389478542,2.134813378743816,134
23366,target_pcr_positive,target_pcr_positive,30154-Symptoms_Resp-5,"In the last 14 days,  the participant experienced the following respiratory symptoms; Wheezing",10,13,42,461,42,13,8.445751633986928,2.13366354973163,23
58592,target_pcr_positive,target_pcr_positive,32610-Symptoms_Ill_23,(If applicable) The participant indicates this was a first symptom related to: Shortness of breath,11,15,41,459,41,15,8.214924212980955,2.1059525260030925,26
70678,target_pcr_positive,target_pcr_positive,bin_36096-Post_covidvaccine,Post-Study COVID Vaccination Status,19,148,15,14,15,148,0.12284131638970348,-2.0968618671717256,167
22191,target_pcr_positive,target_pcr_positive,30154-Symptoms_Resp-1,"In the last 14 days, did you experience any of the following respiratory symptoms? None",9,302,43,172,43,302,0.12453690510116842,-2.083153180487625,311
70401,target_pcr_positive,target_pcr_positive,bin_32136-vaccine_didyou,COVID Vaccinated (About You),27,425,29,57,29,425,0.12597343105817682,-2.071684258883373,452
28066,target_pcr_positive,target_pcr_positive,30160-Symptom_Inflamm-1,"In the last 14 days,  the participant experienced the following  inflammatory symptoms; None",29,431,23,43,23,431,0.12655013436552354,-2.067116730233183,460
55537,target_pcr_positive,target_pcr_positive,32597-Symptoms_Ill_10,(If applicable) The participant indicates this was a first symptom related to: Fatigue (more than normal),27,57,25,417,25,57,7.830349531116794,2.0580071489957503,84
45042,target_pcr_positive,target_pcr_positive,31396-join_hear-2,"Participant heard about the study, because of: Friends/family",4,222,34,219,34,222,0.128676111382511,-2.0504567963521088,226
23601,target_pcr_positive,target_pcr_positive,30154-Symptoms_Resp-6,"In the last 14 days,  the participant experienced the following respiratory symptoms; Shortness of breath",18,31,34,443,34,31,7.549804462847941,2.0215216639650118,49
69889,target_pcr_positive,target_pcr_positive,bin_30171-COVID_vaccine,COVID Vaccinated (Symptom Screening),27,412,25,53,25,412,0.13986928104575164,-1.9670469993646296,439
25716,target_pcr_positive,target_pcr_positive,30158-Symtpom_Neuro-1,"In the last 14 days,  the participant experienced the following neurological symptoms; None",13,336,39,138,39,336,0.14066996445163354,-1.9613388099200817,349
50120,target_pcr_positive,target_pcr_positive,32138-vaccine_factors-17,Factors that might make participant less likely to get the vaccine selected; Do not know yet,5,7,51,490,51,7,6.984466019417476,1.9436885430318878,12
21486,target_pcr_positive,target_pcr_positive,30153-Symptoms-5,"In the last 14 days, the participant experienced the following symptoms, selected; Fatigue (more than normal)",32,89,20,385,20,89,6.828587000953808,1.9211177709139038,121
69612,target_pcr_positive,target_pcr_positive,bin_30170-Flu_shot,Received Flu Shot,42,187,9,282,9,187,6.7403508771929825,1.9081119824999062,229
54597,target_pcr_positive,target_pcr_positive,32593-Symptoms_Ill_6,(If applicable) The participant indicates this was a first symptom related to: Cough,22,49,30,425,30,49,6.341281669150522,1.8470809040357927,71
60002,target_pcr_positive,target_pcr_positive,32616-Symptoms_Ill_29,(If applicable) The participant indicates this was a first symptom related to: Nausea or vomiting,8,14,44,460,44,14,6.066253390158853,1.802741180592909,22
24306,target_pcr_positive,target_pcr_positive,30156-Symptom_GI-1,"In the last 14 days,  the participant experienced the following gastrointestinal symptoms; None",20,373,32,101,32,373,0.17141386057048708,-1.7636744092823593,393
23836,target_pcr_positive,target_pcr_positive,30154-Symptoms_Resp-7,"In the last 14 days,  the participant experienced the following respiratory symptoms; Chest pain",10,19,42,455,42,19,5.7710407239819,1.7528524323634185,29
8796,target_pcr_positive,target_pcr_positive,30138-COVID_Why-2,"The following best describes why the participant was tested for the Coronavirus, selected; I came into contact with someone who has the coronavirus",18,40,34,434,34,40,5.75290749686885,1.7497053786399184,58
9266,target_pcr_positive,target_pcr_positive,30138-COVID_Why-4,"The following best describes why the participant was tested for the Coronavirus, selected; I am required by my employer or school",6,11,46,463,46,11,5.6339410939691446,1.7288092139449862,17
56007,target_pcr_positive,target_pcr_positive,32599-Symptoms_Ill_12,(If applicable) The participant indicates this was a first symptom related to: Headaches,24,70,28,404,28,70,4.932313052133881,1.5958080569564,94
54832,target_pcr_positive,target_pcr_positive,32594-Symptoms_Ill_7,(If applicable) The participant indicates this was a first symptom related to: Diarrhea,11,26,41,448,41,26,4.689929529438508,1.5454175566392259,37
8091,target_pcr_positive,target_pcr_positive,30103-conditionsrisks-9,Following underlying conditions or risk factors selected;Current smoker (tobacco),7,16,49,481,49,16,4.421487603305785,1.4864762012992654,23
29476,target_pcr_positive,target_pcr_positive,30166-Prev_exposure-1,"In the last 14 days, the participant lived with, or was exposed to, someone diagnosed with COVID-19 or the flu; No",23,368,29,106,29,368,0.23022790515833774,-1.4686855686755724,391
25951,target_pcr_positive,target_pcr_positive,30158-Symtpom_Neuro-2,"In the last 14 days,  the participant experienced the following neurological symptoms; Headaches",31,120,21,354,21,120,4.310238347968735,1.4609932037394426,151
49012,target_pcr_positive,target_pcr_positive,32138-vaccine_factors-13,Factors that might make participant less likely to get the vaccine selected; I am going to let others get it first (herd immunity),3,7,53,490,53,7,4.2785046728971965,1.4536035730565602,10
48181,target_pcr_positive,target_pcr_positive,32138-vaccine_factors-10,Factors that might make participant less likely to get the vaccine selected; I am not in the risk group with underlying conditions,3,7,53,490,53,7,4.2785046728971965,1.4536035730565602,10
68630,target_pcr_positive,target_pcr_positive,bin_30120-Walking,Difficulty Walking,8,20,48,476,48,20,4.073673623334171,1.4045452025027274,28
24541,target_pcr_positive,target_pcr_positive,30156-Symptom_GI-2,"In the last 14 days,  the participant experienced the following gastrointestinal symptoms; Diarrhea",17,51,35,423,35,51,4.053739915219472,1.3996398908705168,68
29711,target_pcr_positive,target_pcr_positive,30166-Prev_exposure-2,"In the last 14 days, the participant lived with, or was exposed to, someone diagnosed with COVID-19 or the flu; Yes, with COVID-19; ",27,100,25,374,25,100,4.018632328553312,1.390941627966289,127
5741,target_pcr_positive,target_pcr_positive,30103-conditionsrisks-2,Following underlying conditions or risk factors selected;Diabetes,7,18,49,479,49,18,3.927108927108927,1.3679035132068338,25
9031,target_pcr_positive,target_pcr_positive,30138-COVID_Why-3,"The following best describes why the participant was tested for the Coronavirus, selected; I want to make sure I don't spread the coronavirus to others",7,19,45,455,45,19,3.8503803888419275,1.348171945715672,26
4331,target_pcr_positive,target_pcr_positive,30103-conditionsrisks-13,"Following underlying conditions or risk factors selected;Mental Health conditions, including serious mental illness",1,46,55,451,55,46,0.26242371403661724,-1.337794852380495,47
59062,target_pcr_positive,target_pcr_positive,32612-Symptoms_Ill_25,(If applicable) The participant indicates this was a first symptom related to: Sore throat,16,50,36,424,36,50,3.7999457479994576,1.334986789788177,66
52336,target_pcr_positive,target_pcr_positive,32138-vaccine_factors-8,Factors that might make participant less likely to get the vaccine selected; It depends on the risk/adverse events,6,16,50,481,50,16,3.756075607560756,1.3233746909519226,22
39581,target_pcr_positive,target_pcr_positive,31350-healthdevice_type-1,"Within the last 12 months, participant has ued a: Thermometer",3,11,35,430,35,11,3.6907532149418247,1.305830560512579,14
22426,target_pcr_positive,target_pcr_positive,30154-Symptoms_Resp-2,"In the last 14 days,  the participant experienced the following respiratory symptoms; Runny nose",27,107,25,367,25,107,3.6867305061559508,1.304740023593319,134
70975,target_pcr_positive,target_pcr_positive,bin_age_40plus,Age 40 or older,38,185,17,296,17,185,3.5164420485175203,1.2574496967545605,223
22661,target_pcr_positive,target_pcr_positive,30154-Symptoms_Resp-21,"In the last 14 days,  the participant experienced the following respiratory symptoms; Sore throat",21,77,31,397,31,77,3.500768049155146,1.252982387037115,98
51228,target_pcr_positive,target_pcr_positive,32138-vaccine_factors-4,Factors that might make participant less likely to get the vaccine selected; I do not trust the vaccine,8,24,48,473,48,24,3.3871239217336417,1.2199811606282849,32
44807,target_pcr_positive,target_pcr_positive,31396-join_hear-1,"Participant heard about the study, because of: Work",5,157,33,284,33,157,0.29656479507225775,-1.2154895512918977,162
7151,target_pcr_positive,target_pcr_positive,30103-conditionsrisks-5,Following underlying conditions or risk factors selected;Cardiovascular disease,3,10,53,487,53,10,3.0373831775700935,1.1109963478678313,13
59297,target_pcr_positive,target_pcr_positive,32613-Symptoms_Ill_26,(If applicable) The participant indicates this was a first symptom related to: Stomach or abdominal pain,5,17,47,457,47,17,3.0270676691729324,1.1075943849839374,22
5976,target_pcr_positive,target_pcr_positive,30103-conditionsrisks-20,Following underlying conditions or risk factors selected;I do not have any underlying conditions or risk factors,14,252,42,245,42,252,0.3317181129877694,-1.1034697279846817,266
58122,target_pcr_positive,target_pcr_positive,32608-Symptoms_Ill_21,(If applicable) The participant indicates this was a first symptom related to: Runny nose,17,67,35,407,35,67,2.9760041731872717,1.0905815192505315,84
1188,target_pcr_positive,target_pcr_positive,30082-Race-4,Race selected; American Indian or Alaska Native,0,12,56,485,56,12,0.34371681415929206,-1.0679371752892164,12
8326,target_pcr_positive,target_pcr_positive,30103-conditionsrisks-999,Following underlying conditions or risk factors selected;Prefer not to answer,3,11,53,486,53,11,2.7675741568468104,1.0179711808502625,14
69100,target_pcr_positive,target_pcr_positive,bin_30122-Errands,Difficulty Running Errands Alone,3,11,53,483,53,11,2.750507923608289,1.0117855941175518,14
5036,target_pcr_positive,target_pcr_positive,30103-conditionsrisks-16,Following underlying conditions or risk factors selected;Cancer,2,8,54,489,54,8,2.641662169454938,0.971408328679251,10
39816,target_pcr_positive,target_pcr_positive,31350-healthdevice_type-2,"Within the last 12 months, participant has ued a: Blood Pressure Monitor",2,11,36,430,36,11,2.5640262060750447,0.9415787597842904,13
47392,target_pcr_positive,target_pcr_positive,31405-skipped_why-4,"Participant skipped questions on this survey, because they indicated: I didn't skip any questions",37,401,1,40,1,401,2.5217932752179326,0.9249702655938777,438
32766,target_pcr_positive,target_pcr_positive,30183-states_specify-28,Participant traveled in the last 14 days to the following: North Carolina,1,32,51,442,51,32,0.3965646004480956,-0.9249163244492337,33
67690,target_pcr_positive,target_pcr_positive,bin_30107-alcohol_consume,Alcohol Consumer,26,337,29,153,29,337,0.4085624607658506,-0.8951104736389303,363
4096,target_pcr_positive,target_pcr_positive,30103-conditionsrisks-10,Following underlying conditions or risk factors selected;Current substance use,0,10,56,487,56,10,0.4108723135271808,-0.8894727854379164,10
41226,target_pcr_positive,target_pcr_positive,31356-past12_recommended-1,"In the last 12 months, participant has: Followed a healthy diet (eating a variety of foods that includes vegetables, fruits, whole grains, and a limited amount of processed foods)",18,302,20,139,20,302,0.41616609554525297,-0.8766708302695592,320
891,target_pcr_positive,target_pcr_positive,30082-Race-3,Race selected; Asian,1,29,55,468,55,29,0.429225836005497,-0.8457720743115217,30
45747,target_pcr_positive,target_pcr_positive,31396-join_hear-5,"Participant heard about the study, because of: Social media",0,12,38,429,38,12,0.44623376623376626,-0.8069123247376292,12
37701,target_pcr_positive,target_pcr_positive,31346-past12mo_tech-1,"In the past 12 months, has used tech to: Measure fitness and health goals (such as exercise, steps, diet, weight, sleep)",21,320,17,121,17,320,0.46574548696233564,-0.7641159593759729,341
42166,target_pcr_positive,target_pcr_positive,31356-past12_recommended-998,"In the last 12 months, participant has: None of the above",8,51,30,390,30,51,2.1131625019894953,0.748185641492955,59
47157,target_pcr_positive,target_pcr_positive,31405-skipped_why-3,"Participant skipped questions on this survey, because they indicated: Other",0,11,38,430,38,11,0.48616600790513836,-0.7212051333551027,11
27596,target_pcr_positive,target_pcr_positive,30158-Symtpom_Neuro-9,"In the last 14 days,  the participant experienced the following neurological symptoms; Any tingling/numbness/swelling in hands or feet",3,16,49,458,49,16,1.9647995102540556,0.675390209710708,19
9501,target_pcr_positive,target_pcr_positive,30138-COVID_Why-5,"The following best describes why the participant was tested for the Coronavirus, selected; Other",4,21,48,453,48,21,1.957084631982738,0.6714559332544108,25
594,target_pcr_positive,target_pcr_positive,30082-Race-2,Race selected; Black or African American,19,105,37,392,37,105,1.9345971563981044,0.659899116899678,124
38641,target_pcr_positive,target_pcr_positive,31346-past12mo_tech-5,"In the past 12 months, has used tech to: Order a medical device or a prescription",15,112,23,329,23,112,1.9318203309692672,0.6584627350731748,127
2673,target_pcr_positive,target_pcr_positive,30086-Gender-1,Gender identity selected; Man,25,148,31,349,31,148,1.9052429052429052,0.6446095097639037,173
46217,target_pcr_positive,target_pcr_positive,31396-join_hear-7,"Participant heard about the study, because of: Other",2,15,36,426,36,15,1.8846663720724701,0.6337508142922421,17
2970,target_pcr_positive,target_pcr_positive,30086-Gender-2,Gender identity selected; Woman,31,347,25,150,25,347,0.5349978840457046,-0.6254924871487095,378
24776,target_pcr_positive,target_pcr_positive,30156-Symptom_GI-3,"In the last 14 days,  the participant experienced the following gastrointestinal symptoms; Stomach or abdominal pain",8,45,44,429,44,45,1.8030621064328929,0.5894863897914815,53
42919,target_pcr_positive,target_pcr_positive,31393-join_why-2,"Participant joined the study, because of: Payment for participating",23,323,15,118,15,323,0.5553672034701101,-0.5881257561408572,346
7856,target_pcr_positive,target_pcr_positive,30103-conditionsrisks-8,Following underlying conditions or risk factors selected;Immunosuppressive disease,2,12,54,485,54,12,1.781651376146789,0.5775406736280808,14
38406,target_pcr_positive,target_pcr_positive,31346-past12mo_tech-4,"In the past 12 months, has used tech to: Share data that you collect about your health with a provider",14,110,24,331,24,110,1.7755102040816326,0.5740878205439571,124
4566,target_pcr_positive,target_pcr_positive,30103-conditionsrisks-14,Following underlying conditions or risk factors selected; Asthma,11,62,45,435,45,62,1.7611428571428571,0.5659629489625013,73
41696,target_pcr_positive,target_pcr_positive,31356-past12_recommended-3,"In the last 12 months, participant has: Practiced meditation",13,102,25,339,25,102,1.7535150645624102,0.5616223817002912,115
36526,target_pcr_positive,target_pcr_positive,31344-devices_own-2,Participant owns a: Tablet (iPad or Android),13,211,25,230,25,211,0.5769712140175219,-0.5499629027696261,224
36761,target_pcr_positive,target_pcr_positive,31344-devices_own-3,Participant owns a: Smartphone (iPhone or Android),33,403,5,38,5,403,0.5811648079306072,-0.5427208998236694,436
6916,target_pcr_positive,target_pcr_positive,30103-conditionsrisks-4,Following underlying conditions or risk factors selected;Obesity,13,76,43,421,43,76,1.7099391480730224,0.5364577839591654,89
5271,target_pcr_positive,target_pcr_positive,30103-conditionsrisks-17,Following underlying conditions or risk factors selected;Current Vape Use,3,18,53,479,53,18,1.6956302096489013,0.528054476832621,21
6681,target_pcr_positive,target_pcr_positive,30103-conditionsrisks-3,Following underlying conditions or risk factors selected;Hypertension,10,60,46,437,46,60,1.6328978938949614,0.4903562853310405,70
68395,target_pcr_positive,target_pcr_positive,bin_30119-Concentrating,Difficulty Concentrating,1,21,53,472,53,21,0.6161703977396218,-0.4842317339936162,22
70124,target_pcr_positive,target_pcr_positive,bin_31401-research_before,Previously Enrolled in Health Research,7,121,31,317,31,121,0.622183029590437,-0.4745209697371794,128
41931,target_pcr_positive,target_pcr_positive,31356-past12_recommended-4,"In the last 12 months, participant has: Followed my doctor's recommendations on health screenings (such as mammograms, blood pressure, colonoscopies, etc.)",21,195,17,246,17,195,1.5490683229813664,0.43765366826147306,216
33236,target_pcr_positive,target_pcr_positive,30183-states_specify-33,Participant traveled in the last 14 days to the following: Maryland,2,15,50,459,50,15,1.4675822420951772,0.38361631346338165,17
297,target_pcr_positive,target_pcr_positive,30082-Race-1,Race selected; White,36,358,20,139,20,358,0.6928257985508726,-0.36697668433417135,394
42684,target_pcr_positive,target_pcr_positive,31393-join_why-1,"Participant joined the study, because of: Free COVID Testing",15,214,23,227,23,214,0.6995486782720826,-0.3573198972019789,229
37936,target_pcr_positive,target_pcr_positive,31346-past12mo_tech-2,"In the past 12 months, has used tech to: Monitor health information  (such as blood sugar, blood pressure, heart rate, oxygen, temperature, mood)",12,172,26,269,26,172,0.7369428493300519,-0.30524493480628373,184
37231,target_pcr_positive,target_pcr_positive,31344-devices_own-5,Participant owns a: Home phone (landline),4,65,34,376,34,65,0.7497510786591437,-0.288014022662298,69
36996,target_pcr_positive,target_pcr_positive,31344-devices_own-4,Participant owns a: Mobile phone (not a smartphone),4,39,34,402,34,39,1.3291139240506329,0.28451249769050185,43
42927,target_pcr_positive,target_pcr_positive,31393-join_why-3,"Participant joined the study, because of: Interested in at-home COVID screening",19,251,19,190,19,251,0.757455268389662,-0.2777907949730382,270
53187,target_pcr_positive,target_pcr_positive,32144-DOB_pnta,Participant declines to share Date of Birth,1,16,55,481,55,16,0.7886977886977887,-0.2373720623125791,17
39111,target_pcr_positive,target_pcr_positive,31346-past12mo_tech-998,"In the past 12 months, has used tech to: None of the above",4,59,34,382,34,59,0.8385093167701864,-0.1761295865460335,63
36291,target_pcr_positive,target_pcr_positive,31344-devices_own-1,Participant owns a: Laptop or desktop computer,32,358,6,83,6,358,1.1645746164574617,0.1523558842512352,390
38876,target_pcr_positive,target_pcr_positive,31346-past12mo_tech-6,"In the past 12 months, has used tech to: Other health related purpose",2,32,36,409,36,32,0.863013698630137,-0.14732471475685843,34
38171,target_pcr_positive,target_pcr_positive,31346-past12mo_tech-3,"In the past 12 months, has used tech to: Schedule alerts or reminders to take medication, or monitor health",14,179,24,262,24,179,0.86549940310386,-0.14444859402080765,193
45277,target_pcr_positive,target_pcr_positive,31396-join_hear-3,"Participant heard about the study, because of: Saw a printed flyer",2,25,36,416,36,25,1.1187214611872147,0.11218648072822626,27
43162,target_pcr_positive,target_pcr_positive,31393-join_why-4,"Participant joined the study, because of: The potential benefits to me",12,151,26,290,26,151,0.9044772401768478,-0.10039813734137905,163
43397,target_pcr_positive,target_pcr_positive,31393-join_why-5,"Participant joined the study, because of: The potential benefits to my community",22,261,16,180,16,261,0.9412480444985225,-0.06054857742820246,283
41461,target_pcr_positive,target_pcr_positive,31356-past12_recommended-2,"In the last 12 months, participant has: Exercised according to recommendations from your doctor or other health guidelines",17,192,21,249,21,192,1.054968287526427,0.053510707259585656,209
1782,target_pcr_positive,target_pcr_positive,30082-Race-6,Race selected; Other,1,12,55,485,55,12,1.0497297297297297,0.048532730778899656,13
48458,target_pcr_positive,target_pcr_positive,32138-vaccine_factors-11,Factors that might make participant less likely to get the vaccine selected; I need more information first,1,13,55,484,55,13,0.96996996996997,-0.030490166757787276,14
46922,target_pcr_positive,target_pcr_positive,31405-skipped_why-2,"Participant skipped questions on this survey, because they indicated: I didn't feel like answering them",1,17,37,424,37,17,0.9702857142857143,-0.03016470004626709,18
5506,target_pcr_positive,target_pcr_positive,30103-conditionsrisks-19,Following underlying conditions or risk factors selected;Other,2,21,54,476,54,21,1.0166417751226797,0.016504818165596336,23
43632,target_pcr_positive,target_pcr_positive,31393-join_why-6,"Participant joined the study, because of: Study sounded interesting",16,186,22,255,22,186,1.0046470062555855,0.004636242256049477,202
